"","a√±o","proy_fin_hombres","proy_fin_mujeres"
"1",2025,2737986.5,1023491.5
"2",2026,6911170.68,5101903.25
"3",2027,11251584.99,9376677.88
"4",2028,15769358.48,13859125.8
"5",2029,20472604.92,18559213.39
"6",2030,25365144.64,23483191.02
"7",2031,30451869.36,28637723.54
"8",2032,35743694.6,34033392.92
"9",2033,45879423.31,39681666.04
"10",2034,56442952.85,45589821.64
"11",2035,67437517.17,56795810.24
"12",2036,78864888.61,68526418.36
"13",2037,95860353.29,80801571.15
"14",2038,113549130.69,93644519.11
"15",2039,131946108.95,107073248.33
"16",2040,151053877.7,126896293.25
"17",2041,176594057.5,147636285.92
"18",2042,209002037.66,175452098.87
"19",2043,254784182.82,210884098.8
"20",2044,302466710.4,247977455.3
"21",2045,358442063.02,293468840.72
"22",2046,423215126.51,347956407.12
"23",2047,490579162.49,412085812.69
"24",2048,567558632.65,493865316.01
"25",2049,654719564.68,579510960.22
"26",2050,752633166.69,684655264.88
"27",2051,854308538.88,778635290.2
"28",2052,951990323.51,884974202.56
"29",2053,1053121085.79,987471782.7
"30",2054,1157684787.7,1085478499.6
"31",2055,1257078173.18,1187297703.21
"32",2056,1359364094.44,1283612855.55
"33",2057,1455472668.98,1383258846.61
"34",2058,1553977846.15,1476361501.95
"35",2059,1654731608.72,1572189976.91
"36",2060,1747675061.41,1670640825.45
"37",2061,1842028746.26,1760790333.06
"38",2062,1927199292.69,1852781595.75
"39",2063,2013078579.5,1946527165.46
"40",2064,2099485566.44,2029963147.93
"41",2065,2174678715.53,2114000760.28
"42",2066,2249293450.12,2198282642.79
"43",2067,2323212472.06,2282682956.72
"44",2068,2396369384.59,2353594033.02
"45",2069,2455645369.96,2423290158.76
"46",2070,2512959595.68,2491335335.2
"47",2071,2499582855.02,2498880244.67
"48",2072,2480417981.93,2500793301.34
"49",2073,2455407213.32,2496684277.88
"50",2074,2424354611.77,2486106600.18
"51",2075,2386939354.28,2468497587.57
"52",2076,2343060564.07,2443436524.43
"53",2077,2292815314.1,2410809866.04
"54",2078,2236437346.28,2370543673.02
"55",2079,2174056760.57,2322506833.28
"56",2080,2105757722.9,2266629746.92
"57",2081,2031959929.88,2203060322.66
"58",2082,1953310288.37,2132264618.95
"59",2083,1870456829.58,2054784386.81
"60",2084,1783874434.06,1971199844.78
"61",2085,1694028072.13,1882065444.37
"62",2086,1601319351.4,1788102499.87
"63",2087,1506810261.9,1690585942.69
"64",2088,1411263674.48,1590573846.01
"65",2089,1315269589.9,1488957698.75
"66",2090,1219308898.2,1386499848.08
"67",2091,1123980789.61,1284026351.76
"68",2092,1029991820.44,1182408221.92
"69",2093,937959531.39,1082361942.14
"70",2094,848345360.54,984389140.28
"71",2095,761528772.84,888866606.76
"72",2096,677978041.67,796235437.77
"73",2097,598231785.68,707010960.18
"74",2098,522750982.06,621658098.43
"75",2099,451880254.4,540566374.31
"76",2100,385902237.7,464113322.98
"77",2101,325130394.34,392761548.38
"78",2102,269872235.34,327011257.84
"79",2103,220326641.04,267284510.24
"80",2104,176561502.86,213889787.37
"81",2105,138544003.86,167033749.4
"82",2106,106172172.23,126831714.91
"83",2107,79241067.09,93252575.34
"84",2108,57409542.55,66061510.6
"85",2109,40214716.41,44819579.47
"86",2110,27109414.35,28911407.44
"87",2111,17495995.5,17580966.29
"88",2112,10747101.31,9975425.72
"89",2113,6239907.19,5214300.4
